<?xml version="1.0" encoding="UTF-8" standalone="yes"?>
<addon id="repository.inforepo" name="infobox repo" version="1.0" provider-name="infobox01">
    <extension point="xbmc.addon.repository" name="Nome Repository">
        <dir>
            <info compressed="false">https://raw.githubusercontent.com/infobox01/inforepo/master/zips/addons.xml</info>
            <checksum>https://raw.githubusercontent.com/infobox01/inforepo/master/zips/addons.xml.md5</checksum>
            <datadir zip="true">https://raw.githubusercontent.com/infobox01/inforepo/master/zips/</datadir>
        </dir>
    </extension>
    <extension point="xbmc.addon.metadata">
        <summary>infobox repo</summary>
        <description>[B][COLOR red]INFOBOX[/COLOR][/B]-[B][COLOR black]é apenas um [/COLOR][/B][B][COLOR yellow]AGREGADOR[/COLOR][/B][/COLOR][B][COLOR ][/COLOR black] de links retirados da internet.[/B][/COLOR][B][COLOR red] *NÃO*[/COLOR][/B][/COLOR][B][COLOR ][/COLOR blck] fazemos parte de nenhuma organização ou cobramos pelos conteúdos expostos no mesmo.[/B][/COLOR]</description>
        <disclaimer></disclaimer>
        <platform>all</platform>
        <assets>
            <icon>https://infobox00.000webhostapp.com/fotos%20para%20envio/icon.png</icon>
            <fanart>https://infobox00.000webhostapp.com/fotos%20para%20envio/fundo.jpg</fanart>
        </assets>
    </extension>
</addon>