<?xml version="1.0" encoding="UTF-8" standalone="yes"?>
<addon id="repository.inforepo" name="infobox repo" version="2.0" provider-name="infobox01">
    <extension point="xbmc.addon.repository" name="Nome Repository">
        <dir>
            <info compressed="false">https://raw.githubusercontent.com/infobox01/inforepo/master/zips/addons.xml</info>
            <checksum>https://raw.githubusercontent.com/infobox01/inforepo/master/zips/addons.xml.md5</checksum>
            <datadir zip="true">https://raw.githubusercontent.com/infobox01/inforepo/master/zips/</datadir>
        </dir>
    </extension>
    <extension point="xbmc.addon.metadata">
        <summary>infobox repo</summary>
        <description>[B][COLOR red]INFOBOX[/COLOR][/B]-[B]é apenas um [/B][B][COLOR yellow]AGREGADOR[/COLOR][/B]
[B]de links retirados da internet[/B].
[B][COLOR red] *NÃO*[/COLOR][/B] [B]fazemos parte de nenhuma organização ou cobramos pelos conteúdos expostos no mesmo.[/B]</description>
        <disclaimer></disclaimer>
        <platform>all</platform>
        <assets>
            <icon>icon.png</icon>
            <fanart>fanart.jpg</fanart>
        </assets>
    </extension>
</addon>