<?xml version="1.0" encoding="UTF-8" standalone="yes"?>
<addon id="repository.inforepo" name="infobox repo" version="1.0" provider-name="infobox01">
    <extension point="xbmc.addon.repository" name="Nome Repository">
        <dir>
            <info compressed="false">https://raw.githubusercontent.com/infobox01/inforepo/master/zips/addons.xml</info>
            <checksum>https://raw.githubusercontent.com/infobox01/inforepo/master/zips/addons.xml.md5</checksum>
            <datadir zip="true">https://raw.githubusercontent.com/infobox01/inforepo/master/zips/</datadir>
        </dir>
    </extension>
    <extension point="xbmc.addon.metadata">
        <summary>infobox repo</summary>
        <description>repositorio em teste para criação</description>
        <disclaimer></disclaimer>
        <platform>all</platform>
        <assets>
            <icon>icon.png</icon>
            <fanart>fanart.jpg</fanart>
        </assets>
    </extension>
</addon>